{"cameraMode":{"drawMode":0,"name":"Shaded","section":"Shading Mode"},"sceneLighting":true,"audioPlay":false,"sceneViewState":{"showFog":true,"showMaterialUpdate":false,"showSkybox":true,"showFlares":true,"showImageEffects":true,"showParticleSystems":true},"in2DMode":false,"pivot":{"x":19.922428131103517,"y":-280.78826904296877,"z":336.1435546875},"rotation":{"x":0.35386648774147036,"y":0.026099765673279764,"z":-0.009797141887247563,"w":0.9349822998046875},"size":477.6435241699219,"orthographic":false}