{"cameraMode":{"drawMode":0,"name":"Shaded","section":"Shading Mode"},"sceneLighting":true,"audioPlay":false,"sceneViewState":{"showFog":true,"showMaterialUpdate":false,"showSkybox":true,"showFlares":true,"showImageEffects":true,"showParticleSystems":true},"in2DMode":false,"pivot":{"x":-260.40380859375,"y":-414.7068176269531,"z":462.9398498535156},"rotation":{"x":0.2999269664287567,"y":-0.24176181852817536,"z":0.07895614951848984,"w":0.9195512533187866},"size":734.9252319335938,"orthographic":false}